{"cameraMode":{"drawMode":0,"name":"Shaded","section":"Shading Mode"},"sceneLighting":false,"audioPlay":false,"sceneViewState":{"showFog":true,"showMaterialUpdate":false,"showSkybox":false,"showFlares":true,"showImageEffects":true,"showParticleSystems":true},"in2DMode":false,"pivot":{"x":5.556000232696533,"y":1.0,"z":-4.414000034332275},"rotation":{"x":0.008406462147831917,"y":-0.928631067276001,"z":0.3706953227519989,"w":0.020764635875821115},"size":11.431534767150879,"orthographic":false}