{"cameraMode":{"drawMode":0,"name":"Shaded","section":"Shading Mode"},"sceneLighting":false,"audioPlay":false,"sceneViewState":{"showFog":true,"showMaterialUpdate":false,"showSkybox":false,"showFlares":true,"showImageEffects":true,"showParticleSystems":true},"in2DMode":false,"pivot":{"x":-4.894137859344482,"y":-2.9875597953796388,"z":-1.250996708869934},"rotation":{"x":-0.168701171875,"y":0.7704178690910339,"z":-0.2271256148815155,"w":-0.5715340971946716},"size":8.573651313781739,"orthographic":false}