{"cameraMode":{"drawMode":0,"name":"Shaded","section":"Shading Mode"},"sceneLighting":false,"audioPlay":false,"sceneViewState":{"showFog":true,"showMaterialUpdate":false,"showSkybox":false,"showFlares":true,"showImageEffects":true,"showParticleSystems":true},"in2DMode":false,"pivot":{"x":10.504128456115723,"y":1.8910000324249268,"z":-0.22348594665527345},"rotation":{"x":0.27349212765693667,"y":-0.45556342601776125,"z":0.14926303923130036,"w":0.8340495228767395},"size":6.858921527862549,"orthographic":false}